# Name,     Type, SubType,  Offset,   Size,    Flags
# 8 MB flash. Two app slots for over-the-air updates (ota_0 is where the old
# single "factory" app lived). nvs, spiffs and zb_* keep the offsets they had
# before OTA, so Wi-Fi settings, tuning, profiles and the Zigbee pairing survive
# the one-time USB migration. otadata and ota_1 use space that was free.
nvs,        data, nvs,      0x9000,   0x6000,
phy_init,   data, phy,      0xf000,   0x1000,
ota_0,      app,  ota_0,    0x10000,  0x200000,
spiffs,     data, spiffs,   0x210000, 0x80000,
zb_storage, data, fat,      0x290000, 0x4000,
zb_fct,     data, fat,      0x294000, 0x1000,
otadata,    data, ota,      0x295000, 0x2000,
ota_1,      app,  ota_1,    0x300000, 0x200000,
